{
  "eye": {
    "orientation": [
      -0.11943382769823074,
      0.15443873405456543,
      0.1814066767692566,
      0.9638339877128601
    ],
    "magnitude": 0.5773502588272095,
    "position": [
      53.106624603271484,
      57.74500274658203,
      183.98081970214844
    ]
  },
  "paths": [],
  "ortho": false,
  "radius": 100,
  "visualHints": 2
}